insert into gravadora values (2222, 'Sony', NULL, 'Coreia', 'Seul', 'Seila')
insert into gravadora values (3333, 'Som livre', NULL, 'Brasil', 'SP', 'rua do limoeiro')
insert into gravadora values (1111, 'Nero Musics', NULL, 'Italia', 'Roma', 'via dei limoni')

insert into album values (1, 'Album 1', 'cartao', '2018-02-22', '2018-02-22', 25.5, 2222)
insert into album values (2, 'Album 2', 'cartao', '2018-02-23', '2018-02-23', 35.5, 2222)
insert into album values (3, 'XOU da XUXA', '4 show da xuxa', '2018-02-23', '2018-02-23', 35.5, 3333)
insert into album values (4, 'alb barroco', 'coletania barroca', '2016-02-23', '2018-02-23', 35.5, 1111)

insert into tipo_composicao values (33, 'Rock')
insert into tipo_composicao values (22, 'MPB')
insert into tipo_composicao values (44, 'Concerto')

insert into faixa (num_faixa, id_album, descricao, tempo_duracao, tipo_gravacao, id_tipo_composicao, diretorio) values (1, 1, 'Faixa 1', 1.50, 'cdd', 33, null)
insert into faixa (num_faixa, id_album, descricao, tempo_duracao, tipo_gravacao, id_tipo_composicao, diretorio) values (2, 1, 'Faixa 2', 2.50, 'cdd', 22, null)
insert into faixa (num_faixa, id_album, descricao, tempo_duracao, tipo_gravacao, id_tipo_composicao, diretorio) values (3, 2, 'Faixa 3', 3.50, 'cdd', 33, null)
insert into faixa (num_faixa, id_album, descricao, tempo_duracao, tipo_gravacao, id_tipo_composicao, diretorio) values (4, 2, 'Faixa 4', 4.50, 'cdd', 22, null)
insert into faixa (num_faixa, id_album, descricao, tempo_duracao, tipo_gravacao, id_tipo_composicao, diretorio) values (1, 3, 'Tindolelê', 4.50, 'cdd', 22, null)
insert into faixa (num_faixa, id_album, descricao, tempo_duracao, tipo_gravacao, id_tipo_composicao, diretorio) values (2, 3, 'Bobeou Dançou', 4.50, 'cdd', 22, null)
insert into faixa (num_faixa, id_album, descricao, tempo_duracao, tipo_gravacao, id_tipo_composicao, diretorio) values (3, 3, 'Conte Comigo', 4.50, 'cdd', 22, null)
insert into faixa (num_faixa, id_album, descricao, tempo_duracao, tipo_gravacao, id_tipo_composicao, diretorio) values (4, 3, 'Dinda ou Dindinha', 4.50, 'cdd', 22, null)
insert into faixa (num_faixa, id_album, descricao, tempo_duracao, tipo_gravacao, id_tipo_composicao, diretorio) values (1, 4, 'Gloria In Excelsis Deo', 4.50, 'cdd', 44, null)
insert into faixa (num_faixa, id_album, descricao, tempo_duracao, tipo_gravacao, id_tipo_composicao, diretorio) values (2, 4, 'Outono', 3.50, 'cdd', 44, null)
insert into faixa (num_faixa, id_album, descricao, tempo_duracao, tipo_gravacao, id_tipo_composicao, diretorio) values (3, 4, 'The Four Seasons', 2.50, 'cdd', 44, null)
insert into faixa (num_faixa, id_album, descricao, tempo_duracao, tipo_gravacao, id_tipo_composicao, diretorio) values (4, 4, 'Arioso', 1.50, 'cdd', 44, null)

insert into playlist (id_playlist, data_criacao, tempo_total_execucao, nome) values (13,'2016-01-01',15,'play Barroco')
insert into playlist (id_playlist, data_criacao, tempo_total_execucao, nome) values (45,'2016-01-01',15,'play quase barroco')

insert into faixa_playlist (id_playlist, num_faixa, id_album, data_ultima_vez_tocada) values (13,1,4,'2018-01-01')
insert into faixa_playlist (id_playlist, num_faixa, id_album, data_ultima_vez_tocada) values (13,2,4,'2018-01-01')
insert into faixa_playlist (id_playlist, num_faixa, id_album, data_ultima_vez_tocada) values (13,3,4,'2018-01-01')
insert into faixa_playlist (id_playlist, num_faixa, id_album, data_ultima_vez_tocada) values (13,4,4,'2018-01-01')
insert into faixa_playlist (id_playlist, num_faixa, id_album, data_ultima_vez_tocada) values (45,3,4,'2018-01-01')
insert into faixa_playlist (id_playlist, num_faixa, id_album, data_ultima_vez_tocada) values (45,1,1,'2018-01-01')

insert into periodo_musical values (1,'2000-01-01','2000-01-01','Barroco')
insert into periodo_musical values (2,'2000-01-01','2000-01-01','classico')

insert into compositor (id_compositor, data_morte, cidade, pais, nome, data_nascimento, id_periodo) values (1,null,'a','a','Compo barroco','2001-01-01',1)
insert into compositor (id_compositor, data_morte, cidade, pais, nome, data_nascimento, id_periodo) values (2,null,'a','a','Compo classico','2001-01-01',2)

insert into faixa_compositor (id_compositor, num_faixa, id_album) values (1,1,4)
insert into faixa_compositor (id_compositor, num_faixa, id_album) values (1,2,4)
insert into faixa_compositor (id_compositor, num_faixa, id_album) values (1,3,4)
insert into faixa_compositor (id_compositor, num_faixa, id_album) values (1,4,4)
insert into faixa_compositor (id_compositor, num_faixa, id_album) values (2,4,4)
insert into faixa_compositor (id_compositor, num_faixa, id_album) values (2,1,1)
